Field_ID,fold
MH2O0YH,3
O9TURWL,3
35AFSDD,1
PM05EG9,2
V7PZBCG,1
003GQB5,1
WFQGA56,3
O6JVV7K,4
A6H2141,1
MHDYMRX,4
HLITY46,0
1YFQH0G,1
ISS6LTN,1
MIH9S00,0
JK09XZW,0
881GIR9,1
RBBNFVL,3
R9SP9WA,1
D1SPF9C,1
VXG82HK,1
Z511J4G,3
V3I878I,1
LGGDGP4,0
B5WDTV5,2
X7TWLOC,4
9J8G69F,4
HQ90MHR,2
WZCBW7T,1
081SK6W,1
5Z32WHD,4
AZXDI72,3
B2D3MQ6,0
6HEYVY7,1
MVG3NLB,2
O2X82QH,2
FWQ8J5L,1
MIK14WF,1
4X1V7HB,0
GJY0NG4,3
OQ6HI79,2
9A45Z97,4
W2Q8T4N,1
WV85J5I,4
479FIY9,1
LHZYG5Q,0
PIWU4CS,3
OBH5ITR,0
EWLVTOJ,4
JKK5GDH,1
LD8LK6L,2
QXD8FPD,1
QDY0KZ9,2
9X4XF4C,4
KSF5GDL,1
Z3Z43AD,1
0EGKM00,4
G17C033,1
U8WO23J,2
TXMYIF8,2
VP7TKJZ,3
IG2LSYJ,1
P706TB5,4
N8C2RRU,2
SDLK40N,1
JSXLX6P,3
NZW5H9T,2
V8Q9LR3,3
65KV07T,4
FZLL7EA,1
7G7PKJL,3
PSBBON2,2
G7A4DH9,4
SG524VT,1
0Y3HK56,1
MXBVP83,2
WWERQZ5,2
IVSQV1Q,1
7MTWGHQ,4
EIHWBYP,1
IU5PSBL,2
C9643W0,2
X5DN33F,1
T6NV1RS,3
F2GS6X3,1
ZT0PBD8,1
39CHJHM,1
QEUXXFJ,2
CEA38QS,1
HUHC63V,1
ICM0XVS,1
GPR6PG0,2
DH1B7NJ,0
67W2NF1,1
9UR0MRQ,3
C3RH2VQ,4
6CWNNUW,3
3CWBYMC,4
KMVBUT7,4
MW5QH3U,1
HU1MQT7,1
D9R92LW,4
R9WOP3G,3
LALUNDX,0
C20NUTS,3
B7Z6UZS,2
UQJ424Q,2
BX8RGJG,0
03Y1F7S,1
HFVGKRG,2
SDKPTC5,0
SS3FNAD,1
0UYQLWE,2
WJOBAED,0
FXWYRDW,1
QHYEKOE,4
DGDDH9Z,2
I01NWXD,2
JE946NT,4
FNVW2WM,0
O7ZEC4G,3
8IDDM2Q,2
7ST4TJF,1
V2OQZA9,2
NKUUW8A,4
XVWMLBJ,0
JO1AE58,4
W1RMK7O,0
0J8FZ1S,2
E5TAUCS,2
SHQE00S,0
G3GUYGF,4
YEBAUTR,1
D5DND4P,3
IUBXVV5,0
UAKPL84,2
I8SL7V9,0
UQZEVND,4
RXYUE19,2
Q0SANGO,4
QTP3Q1O,4
KUQ0QHL,2
D6M9N1G,0
PMWVHPQ,3
ZSDMRAP,4
GAO8W67,4
GLUK0MG,3
1CZ23LQ,1
OCC3TFM,3
URYD3R3,0
VTHPSOP,3
GNKIHYF,4
RE3XPUK,0
IZEPC1Y,3
BG08VR8,0
NYNFYVL,3
0G8PCR9,3
C1YYA7E,3
NYHCIJE,4
4557XNE,1
52A7DHU,3
UAKYG16,3
8HRI377,2
QQJOWID,4
C8UKBLX,0
DTCLHNB,0
P5LT5NI,3
QO3R84O,4
UJTZAVO,3
R4D1736,4
UST2XYE,1
TMQEMDI,4
7GGJ7H0,4
H79BG25,0
SE26TL3,1
IMALB6M,4
PK41YOT,4
IW0WOA9,0
SQ2SHTH,2
2W91UWR,4
GOW06N5,0
BHFFHA9,2
JR2AY0N,1
26M73NB,1
5QLHEWH,3
TOYQB0J,2
KHEYXNV,1
989FIA8,3
C66GOFU,1
AX0UVDN,3
8KZTZ5L,3
S0MY852,2
TK5MGO1,1
J3QDFUG,3
MKT0LCD,0
57G9K8X,1
2DNGBME,4
JKAB6K7,0
5SP797N,3
Q2B5FGE,4
J0LMYEY,3
63D1H1W,4
FDXT279,4
LO89BGW,4
HTQ3TCG,0
BU32X2Y,0
LIVRJYT,2
428CQ1G,4
J72Y7JN,0
AFK8ETP,3
LR9JSKZ,1
GZUI7EU,4
GS1FI8I,1
X70GR3S,1
GE5WDO3,2
YT6K608,1
CK88THP,3
79T99DN,4
Z0XKLQ1,0
CQWH6MY,4
TNF1P3Y,0
D38009G,0
4KIUP87,1
499HNZA,3
LZFBHI6,2
0OB3DB4,4
K9TEQEQ,4
Q16XINF,0
GFF1ZO9,2
9NSW2QE,0
WYPNF4M,1
I8VTA62,3
SNPX7HH,1
EV9E7WT,2
0VQCU11,2
D896L2Y,2
QV0GHVY,2
RHY6BJF,0
E6ZEIX2,1
XAW8YXA,1
XJV2CUJ,4
DZ3BGNS,1
DLY798K,3
ZX8WV5Z,4
DXI26S0,2
V7ZC7X0,0
JF1SHYC,2
EUBDDQV,2
MMRTNEP,3
IO7W4ZN,0
TW8U5I2,4
GNCBVMF,0
NTBG91Q,3
7RCNYXL,0
SHBPRMV,4
8JTAAP1,3
V7FZOH2,4
PSPIRZ4,2
SO0X0M4,3
WPRDPOA,3
8FUB31U,4
9WR7V4Y,4
2PN27LA,4
8HCRJGP,0
M1UV5VD,3
B3CCVKR,0
044LFBM,0
913L5MS,2
4KTB7DX,4
4KE7ZYR,3
A7TN9MD,2
2Z98C2I,4
XITUW2R,1
O448R6K,4
KU2HFID,1
VQOTTTD,3
IO33LTY,4
MQZDCD9,3
9MNH58X,1
D4QA7TO,1
0EA3182,2
AIN67VC,3
JJNVO1S,3
P0Y326Q,2
FGQNWWH,0
RILE1DC,3
05XW1GO,1
RSK7CJB,2
RKIC5GQ,2
MZIVL09,0
5DT9FRW,0
1APSIPG,0
6HTJQ1G,1
HS8YEM0,0
P3AHWJ0,1
5WEHXJ7,4
57M8TZW,2
EAFOF2Z,2
HR9XTAJ,0
90W9HUS,3
7UCUB60,4
XPDLZUO,2
U2C1I8Q,1
M0MPDMB,3
RGNXCFB,2
HVNUJD9,4
I6QF1AD,4
O4GEBFW,0
FVQHKLY,0
T0YU1K9,4
OFENDKO,3
2DXCF8N,1
SCQAP2N,0
NX12K27,0
NTMK73U,0
RNV7JGJ,4
UI1PCHF,4
KIZVGS9,1
GRFWXP1,0
6ZO0FM5,2
6YT93ZT,0
BJI32HQ,4
VP1VPFV,0
YZB6B8D,1
30DGLGQ,2
TLZ96J7,3
QSVKSJB,4
QYNNB05,0
1XAE094,2
2S0JI0X,1
SQ5V2OT,4
6B42A8M,3
D2V84QN,0
QGFMZ3W,3
ZBHOAPM,0
GE2O6Y3,2
MDQJ568,4
1VTG9MX,0
E6UD5OS,1
Y9QQNZW,4
FNE9Y1B,4
LQJ65GF,0
FT3VG8R,4
UR8GDJ2,0
G1BX3MZ,2
82YLB7C,1
TJ351XP,0
H1TYBHP,2
UL5XKCB,3
GTLFC6G,2
N2EE9RE,1
Y2VOHH5,4
2T1CLJU,3
G7LZN0T,1
XJ3M64C,3
UH21KBR,4
R8O2OT9,4
SNIQFIH,1
8YM2R3L,3
MUS3T7I,2
0CVTT6O,1
JFDLSYH,1
DWOV6QC,0
BBZJOUM,1
W8QOX9M,4
6GYFDNC,4
D4EUDD4,2
VP2WF97,1
BM7EY73,4
FCA6DGF,4
DZWE37H,0
AFZPZVF,4
IPUO4E0,0
KIMSLH9,1
EBF70VU,3
QT5YP2B,0
3ESBAJA,3
I3ZJ86X,4
4J4P3LC,4
7XOD58M,1
0EVPTT3,2
KBI98AA,4
U31H7TI,4
J3QJ2B6,1
NTJ2JC0,3
J3GOGCP,1
Z1SVV99,0
EROQBE0,0
P5UUQHX,1
1ZBJC4K,0
RI4GYED,0
I3TG9OY,0
XPGKGEJ,0
9UICMSS,4
IGBGX7Z,3
TY48COF,4
D8WCHS5,1
2PNNAJ0,0
AHJ21TN,1
HO618GE,0
KI6J6AB,2
ZVMNVJ3,4
8WW6Q3S,1
IKRBV6T,4
VG8KOBJ,2
D6QXQIT,3
9VQSYQD,2
445AC87,1
XK7201N,1
YJ9HMCH,2
U9Q82RW,0
B3QNA5M,2
T62S761,0
7P5DFIB,3
7TY1QE7,1
22I1EVT,2
D012AKE,1
WO4CU1R,3
XJ0TWJW,4
YZX5IN2,2
HVA8XS5,3
TCM3A8N,2
4YRNT6T,3
NB39KA5,0
NTWQW33,2
0MCD74N,1
6JGY5II,3
UNQHRON,2
FRT968H,3
YB4737C,0
I5W41U2,3
4ZG6SEF,1
H6DTUSI,4
T0O4W37,2
6HIA4Q8,3
LJSP4CJ,3
H7IA99X,0
6UY0G8C,1
UKAEQBT,0
ISJUYC2,0
KYSCQZV,0
8155QOR,0
FPZF2X7,0
8T9PQ59,1
WKUB0CU,4
IY7RH5Z,0
HF5AMKB,2
A4E5D1G,0
1QI3KNI,0
UDC36FJ,3
21NB4QI,3
9QF4HRV,4
JJEAL7L,1
E04A9Z3,2
RLFCGW6,2
HD0C7PY,0
0QEATF9,1
3OMFEFM,2
41XVVPW,3
U9IGQSV,3
AVJHBPI,4
9H47CIW,3
OYNLL9K,4
VCRDVXH,4
PSK52FF,2
7F5AOPX,4
NVU2I0K,1
1OO8BJ2,3
0WP3OCV,1
C1PXDHX,2
2LPG4YC,1
61DXU7B,1
J90KVPB,3
YQ746ZZ,1
0YTIGAM,4
8J3ZFNP,0
MJD3XP2,4
2DLDZHU,3
0BMLPKV,4
LZTB86A,1
T5WPSJP,3
NBGKZ1T,0
R5LVVW6,3
S4LL70S,4
PKU906G,4
HE9IBV9,1
UW1LX7K,0
74ALOL2,0
M2V29TP,3
JFXVUIH,4
HW8CWC0,4
NUXIHIN,2
9ARLMCM,4
QADOTMJ,3
S8Q1ADT,4
P7D8OW6,0
9C0HM7M,3
CDZRFPU,2
W11OMRN,4
YSJWU6W,0
42FJQCE,3
748GTKA,0
HVKDXPB,2
7P2Q7ZD,1
B1FJBBU,4
4CQ6BYU,2
MKQ4NV4,3
3D51LVT,1
RV2FT87,1
558NCKR,0
0ZA6DUZ,0
JQEH9K5,1
LA9SHKB,1
02C6JZZ,0
X5XWX9V,4
Q8NMO4S,4
6FKG23C,3
7TOPOSP,0
NAKTK3C,1
J6PO81M,3
MUCC66V,2
ZW318FZ,3
OIY1Q7Y,3
VKXGAU9,0
ZVY73A1,0
Q9H36AE,3
RFADWDL,2
T13RVHP,4
SZ5T2DI,0
6YLD1A6,3
SPXDYVO,4
TB3V5B3,0
CYDA57A,4
Q9I51CU,2
MPUWLCZ,3
U505LJD,1
FGYHUQX,0
HHR327B,4
4LF7IHN,0
GCVSJJD,4
3H5WZXT,1
HFYLSF8,0
MMQE4NU,2
WU0YZI2,0
QS7VZZC,2
9T5F13C,3
0MIQWM9,1
1GYGJ2F,3
EJAVMNQ,2
FS2TLI7,0
MRMYTIK,1
LAVSG05,1
1OX5P8G,2
HAICDH5,2
U71Y401,3
A6PHLW3,3
5ZXLUZD,4
5VWDKOT,0
T5DEGBO,4
MNKPZKQ,4
0VVZPV9,0
9MKN2WA,4
7TDZ98S,0
9S3IRT2,3
LX9S69Y,1
IHYIQC1,4
EVIWCHS,2
NMH7LEC,0
7UO1B6J,4
J7MI9IV,4
WAAZQ3A,2
C95MO3X,2
T9RK60O,3
0RTX90Q,2
ZP7VMZG,1
1AS3WRS,3
4IZQ1UA,1
S16EHA8,1
OQJPAEY,1
X2C27P8,3
ECRAHAX,2
3HG8GMP,3
EJIH51Z,4
ZPD440R,3
U2056I4,0
Z0UGZUX,2
CY29VYP,4
T4U02QT,3
300KJJL,3
JTR14YS,2
SC6063E,1
U5WVUF1,0
5F64AB5,3
W2Z3JBW,2
4IJ8ESE,3
Z7VPO24,4
9P72KZ4,3
L72SB26,3
MEO87GJ,0
SFV9LSG,4
K3O456I,1
L77360S,3
94TMHO2,4
UBEF2YN,1
SBYFSBU,0
41YH67V,4
JCZF37X,4
JXIVZVW,1
8ZQ4B5R,1
KDKR7EL,0
S8OKS94,2
HYW5A9I,1
NDPCOC2,2
QH4EQE3,3
3RSX1ZQ,0
DL7DC8P,4
E6IMABN,3
UZ1C7YX,0
LIT66TF,3
SMQV7XO,3
HXGOWQD,2
H188WLB,0
4O45UMO,0
ZYZS6E1,2
TADPR26,1
Y707C13,4
QHI9NMP,2
QWOLK2O,4
YKWPM6R,0
1CKVUBN,3
HYGETPG,1
HI8LUS9,2
EC5GQPE,0
ROVRC2P,3
Y4SGU6N,3
T723LCJ,0
WV7IICI,2
3JO79QO,0
MYJ93MZ,0
AVX5V30,2
A36T25S,1
3XCM4SN,3
2L5RLP5,2
EV5MPB0,3
1CC9077,0
P2Q8B8E,3
NLRB0KA,2
ZPEZT65,3
QO29LPE,1
WF4806D,4
ABXFN8B,2
2M811A5,4
0B3XPZZ,3
A1POAKR,1
RN6WJRO,4
RRLNMGO,4
6JUN0JP,3
CFK6Z08,2
ATNP7ZB,3
38CSVS1,4
NVQ1E6U,3
XGOGRB8,3
0KZ4FHH,4
J6M20X0,1
5OG4E5X,3
2OKWGK7,0
8IDTQDZ,4
KU1ALUF,0
QI1RNKG,3
VILC1V0,2
LYCWTBR,1
IK58Z94,3
NVV2075,1
U9VNU5T,3
LFUCULC,4
DOBGPVE,3
NW44ZIL,3
RDDIINS,0
8B18HX0,2
B1BCI7E,2
VRGS6MJ,4
VGVDBEY,3
OTUOSYY,3
9C5GPDH,0
SHHWLP3,0
41GYOE4,0
UG6DTZX,3
3XBW5YI,3
P7AZFJW,2
UDP0CR3,0
NSZW9YF,3
FMHBDBZ,2
335VZJU,4
XTOGH48,3
G6058T9,1
M4Z6NPB,4
L2199YS,0
THSAJ1V,0
WCJE5US,2
N32O6GT,2
NOCCWL1,0
F5D3RRN,2
3UY5O1A,1
830ROQ7,1
MBMRZQZ,1
3SVGLDM,2
PGX6I9M,2
JFVZ4V4,1
31WBJL1,0
BMN8NV5,3
1GZVWML,4
I9YGV3U,0
XYMFIEH,1
5E3BHEK,4
9DTG2MM,2
BUCMMA3,3
NF69N87,1
5NQEN2A,3
VZS1P77,0
ZSVNPCZ,3
2GVUP1Q,0
2KFCDYE,2
VAOW0QQ,4
6LMV94L,1
PRGQO6D,0
RQ9B6O0,0
PV7Q6NA,3
NLWP5LI,4
IQ7EG2V,1
Z8WS278,2
8FW53SQ,2
TQI6DS8,0
ZCJHD8L,1
Z9R6HGG,0
K7L9NK9,4
EH81J2O,2
85457C0,3
NX1N1LP,0
1W6HNNS,2
PLSAQXH,4
LVZSN1W,2
SCURT5K,3
VK9349A,1
IOLSQGE,2
L25SYJO,1
72XJWG1,0
ASGJQ2P,4
1VUEWFQ,1
ZS6MYPT,0
RTB7RNA,2
KFGTSHX,4
8EHQ4BM,4
BIGKR72,0
2GHXE12,2
1NJ05H1,0
5063C6O,2
QRQZ7AA,2
XEYW5TM,3
CDTFAZE,2
XDT9015,4
4VUW982,3
WM358E6,3
3PD9EOJ,0
TL8G19K,0
KZ0DLGG,2
J992BZ6,0
ODUX4FS,1
XAQYW3K,0
G5OP39H,3
B5WEJC1,3
SVXZ4YS,3
G00S91S,3
FWS526U,3
8RJH9KI,1
DJJ4CYW,0
UGG9QSJ,4
RPUYJYU,1
1M3PV84,2
KSEVJ99,2
4SOJFXP,3
8TWXHT6,4
UR1UGP4,4
EOT30MR,1
IDTJSHD,2
71EIR0I,0
KMZM7LV,4
4EDE3C0,4
8HN0QZR,3
3ZBXZNK,0
R64O6N6,2
F0WD293,2
UX21KGR,3
GT2D57X,0
627J1P2,0
K9QW79F,0
HL14EI7,1
CVPG0CZ,4
H0LAGTT,3
GRAFWJ7,1
ENHV2ZD,2
NOLZZW1,0
N9EPYKU,1
HXIERVL,3
TWU13Z5,1
9BFO3ZX,1
YFB3FDX,0
U37Q1W0,3
80QCEIG,4
1GCNNUN,0
000OKL7,3
TMSI47F,0
VEKINJH,2
GS1LW7X,3
LEKVYYZ,1
6NEM59Q,2
9ZP9HNY,1
XUSKOOV,4
RXFX8SC,3
7FYPOFS,3
MYJWUCA,3
ZF9ODQ9,0
T22IUOA,3
SXVY58T,0
3NE41UH,2
43MHR96,0
51SEL1D,2
CFROBVW,0
FBBXMGJ,2
0Y5AXYW,4
SFZ3JDU,1
QEQWT2C,1
IPBOO03,0
UYN7TSK,0
L0UCD6X,2
PMCYGGO,2
6Q2JZ6K,4
HTGXI6J,2
GR6S15B,0
239P3RJ,4
JYH6PYS,2
0ZGWGDO,3
0P49THJ,0
XD3ZYW8,1
RHSPZTR,4
OZNH7CC,2
GUCSYRX,1
8FMKGHF,0
VNYIKNU,4
AJSN9P9,2
7X5SEJG,1
RP9CS35,3
1J9D59U,4
4RNRETQ,3
BHVAGU9,4
03XDB3Z,4
NCCBBXG,4
1OD5U8P,0
MASF003,1
77JLVOK,4
6CFRCUK,3
2WPABTZ,2
3JCRZ91,1
787OPB3,2
FE7COW0,0
HRJFQ5Q,0
4M0LE2Q,4
XGF7UUL,2
IQGP1I3,0
DKFSFIN,1
LC3KD7V,1
LORZ2QY,3
N4A0HM2,4
GK1JTNU,4
XE2Z09O,4
VC5QO70,4
VV1ANX6,0
50PC2QB,1
VIT8XGR,3
X785X8J,3
YFET8IX,0
MPZX8HW,4
WJ22QDG,0
2778RSU,2
MTV9RCT,2
ZZC6MMD,3
IO0ZX1C,4
I71JCIL,1
AAKLZ5X,0
5VDPUM4,3
Q30E2N2,3
029ALJR,4
UBYUSQM,1
49YVAQI,3
7YRZ7Y9,1
G9ASSO0,2
M5Q8HEA,1
WR4A92O,1
KCUJJNZ,0
Q9DE4P3,1
9XNO5GQ,1
K5I1HAS,4
WSQ1L1J,3
X51G199,0
317EOZO,1
B39N9G8,4
MLJDXBI,2
BE5TCGC,4
1H7CWSU,2
GE1UMDJ,2
PBKRDAY,2
V36OUCZ,1
QTIQP4O,1
4T2N53O,3
N8ACZV2,4
0RFWU2U,2
8MKLX9O,1
G78KYNZ,0
1G9PLBE,2
CN25N9V,3
T64Y5X3,1
I74HNZB,3
MIO9K1M,4
WSCHIS1,3
PPRYE0H,4
6DCPZN6,2
YJ9RCII,2
MZEELE1,1
DBCOIQK,1
J0595XT,3
10MKWG2,2
606MEI6,0
RD7OEUO,1
2MRA303,2
7M4J6PU,4
CAP7BFO,4
6E166H1,2
19E9B6G,3
GLT35K1,3
9XQ0T0A,2
LYLTVC7,3
X5KTUSE,4
P6LZAD9,2
IKTDXKD,2
UF5SRA3,0
EKG67QH,0
5IHX51J,4
7YP6EKN,1
DKKL1L3,3
HOTN4M9,2
ZSUTT7A,2
2U2K0WF,1
INBC7U3,3
JN1Y22Q,3
DM014QV,4
PBW46UJ,4
46QFDF4,4
8TK2P37,4
3S94G36,0
M8P03AN,4
25HNIBX,0
8IG1P4R,0
1H1ORVM,1
TR52A86,1
P2Q4PN6,3
DFB367J,2
59XZ9KI,3
4XC9CN9,3
4TP3U0Y,2
8UO8ZAU,1
H434LH2,0
1KVRXY8,1
UUI7CW6,2
TTD9YGD,3
CDZ9EXV,3
MM74MJA,4
074VFWE,4
21HFWXG,2
AWWP2AH,3
2K8M02G,4
NDWE6Z0,0
SUWN1OV,4
0G4H52F,2
UDK827T,1
83Q4ROD,3
8S6SCEG,3
42G2JCE,2
P6SSHE5,3
G646J94,0
U23NFXB,3
GSTLW5J,0
WAD8YCF,3
Z0EXRMA,4
4T6J1Q7,4
SHV4AXH,2
5UOPR0G,1
PK2Q853,1
DLKD1UU,1
65E3X6W,1
HW6QP4D,0
Q4R9IH9,2
BA4LXS3,2
IZUEBD9,2
DSD5ZKS,1
757EXCV,1
UYBOD7C,2
F8A0EJM,1
0M9Z0WD,1
MGKEN3V,0
XCKDYL1,2
PKKUD87,3
I15H9VW,0
8AJOJJ6,0
27HTODX,1
8SDZV4M,4
J589DPJ,1
OYENPP2,0
3FEB5N6,3
FKZZIU9,2
BKXLIBX,3
K0SYVJH,2
CO0N1II,1
1SG82QZ,1
D6OIFF1,0
X5BHLB0,4
73Z3T9U,0
B8BTML2,1
ESWOAC2,0
3P8NYRI,2
BRMLXD2,3
N93HG02,2
LMWLNPI,1
MV0OY06,3
EIO1YS8,3
8MD0N0E,3
FRWP8QM,2
H86JFKG,3
GNF8HVS,3
JSU7S9E,2
1EB0OIS,4
31N2GV7,0
LSQUS5X,3
XSZDCG3,1
GW6ZVPQ,0
1I3L8QM,1
1HSSFUG,4
1Q0BE5M,1
12V48PY,3
CU4WIYJ,3
N9VPPJA,0
F0JQ94J,4
YADFNCZ,2
MX0EC49,2
4F6VNQJ,1
89VVBJU,0
23QB8HE,3
7NDXOTV,2
3EVKEIB,2
NHAFH4J,4
96MAQM7,2
3RDW4QE,1
WLS1NVU,1
TLS4U55,2
IUSWPVE,2
ECVK767,1
ME55BR9,3
DPMMLDM,2
9VCSF10,4
52NLOWG,0
YCYOHO7,3
Z3SQHF0,4
QUQBAOU,1
2KP7MD7,2
WYQ21JO,3
M34NUB5,3
PK9JA9Z,3
KW4BPJE,2
5X7DSLB,2
WQWS8W6,0
LZQPPZT,1
Y557JWN,0
UIRJIMS,3
F16JGEE,4
I0UG2U4,3
HBU4PB4,1
Z8XTRC7,0
RTCIBSJ,3
K2NFXHF,0
QHNHY7D,4
1NICK53,0
VCIIFL3,3
GUI95ET,4
OIZPVNB,0
R89H0V7,2
9YPIKZ5,4
PA2PLVJ,3
20CIZWJ,0
BV0QQ6A,0
27480UW,1
5ZGVKV7,2
R6WC3PK,2
BKWGKCN,1
GJ8HAZC,2
DBQIWUY,0
Z901SLD,4
JLBT5T8,1
MH6GC2A,4
7HLRMND,0
QFHHM01,3
VEFMGC9,3
UWIM8GY,3
CR9ZE6X,3
SEAWWLQ,0
V5M86PQ,3
NG8ES0E,1
XN06UZH,3
5533GKU,1
KXYSA62,4
DESXKEX,4
D2PWNOU,4
ISDIM9J,3
RDEU0AE,4
3YHYIXB,0
QT9EECZ,2
UCC0ZTP,4
URGD8GH,2
OA0F652,3
62KQEE4,4
GP3K5UY,0
DX8VWDV,2
O31S3T2,3
VRIIFKH,4
P1QIHL0,0
WLI8CLX,3
FITQCEO,4
4N2VHIJ,0
1NX1ZO8,2
EDHYJQ8,0
GH64RVN,1
CM83H2G,4
8OD2LIC,2
FO8FOQR,3
6J63MZB,2
QS16KJC,0
14GMA6Z,1
FLCWC23,0
8CVIQJ4,4
6TVB4H0,1
JXRV1XO,2
Y1DGBXR,4
O8LMI2N,0
FM54C7Z,3
569LQJC,1
0UAPTDS,3
KLKXUB0,0
8GGUP3Y,2
S462QPQ,3
MRTOZQD,1
E8A9DX6,2
8YB2RPV,2
AJR1JV8,2
E3RIMXW,2
J9EBGD1,4
PDAKL17,0
SEUG13S,3
9DUWO7T,0
5HRP0LB,3
J1RZNZU,0
UM1OY58,4
09B11R8,0
8RB970R,2
42IOTIS,0
V3EIGC1,1
AT2FKFF,3
VPBSQPG,0
FWH418C,0
QY57FGY,4
Y22HKI8,1
XTOR1HT,3
MTNEYI9,1
YDD751F,4
5JZHP0X,3
T7M1XTR,4
6M10DUT,1
HJQPXJE,0
VQZEKQI,4
4IWY6YW,4
ZTST55B,3
B5U5SWZ,3
36Y1Z39,2
WAT99IS,4
B994CP5,1
06FI5XR,3
ZWQQ9HU,1
4BOBSTA,1
DLEHU17,4
LQ5SF2V,4
0O0G83M,0
URIFPAV,2
P82M2XK,1
IT6G74U,0
UW8IFPH,1
WP9UPIS,1
JO8S3HR,0
EPC3ZI7,3
E1R8CR1,3
JRJGRK0,2
SV99T7F,1
IIAR6DJ,4
YRZLXWJ,0
84YX025,1
63TQV9P,0
594KOAJ,4
C5SR5L2,3
JSMSIP4,3
EZP4FNR,3
DEJ2F2M,1
JEAWN8K,2
2KLAIES,1
4P9JXZS,1
LKZ2HYC,2
PUVKPQX,1
QHAA3IR,0
D0Y761K,0
ZD60Y80,0
QOQNOXC,2
PXMVA76,1
I3YD04O,0
2VTTS34,4
HLX38RZ,1
LJJHNUW,1
8UTYBNL,2
NQ5FFN5,0
S87QJ80,1
DAR9SBL,3
IE0D87O,1
HRPNUJR,4
1DF46JA,2
ILPA6YE,4
M1AIKYN,0
1XG9YAZ,2
SJVUO2M,4
EC28FR3,4
T4J2NQF,4
XOGCAXY,2
XE2QGUS,0
CU0ISXN,3
5DI574B,3
A9UEX32,0
LJ6HZ82,1
M82B4V3,4
ZJVWIGD,3
SL2B0MI,2
DWFYOF0,2
6Q8HK7Y,2
9U4TJRM,3
REYCNSY,2
VBSDK7Y,2
KNH8ZWZ,2
BN6K7ZJ,1
CZDEH0F,2
GEMX96Y,4
HJH5K14,1
78J0X8B,4
53AZA8A,0
U59CM1W,3
ISROD37,1
94PLMHG,3
8WD5SB6,0
I1E2RNP,3
BK0GR1Q,0
BRC5NZL,0
I2Y4O0P,4
RI0UGST,1
ZQZNTBF,1
FXNCDV3,4
KXWF2I4,0
JWQCOA7,1
9LYRD0X,2
LFTLT7Z,1
OZZUZ5J,0
ADZ4MJ0,1
G7C4VGS,4
BXVV5MV,4
81RLYB6,3
I3QAAVG,2
195DRPZ,2
4K19KQW,2
SXT2RSN,2
ZU6I0ME,0
BQV7CQW,3
MF9M975,2
KCE0IP9,1
SSGHMR8,0
1QMHQTJ,0
DK1RHRO,0
ZTFYO67,3
JPBJLIW,3
KZQVB2V,2
2PD4LJI,4
Q3THNID,1
RTAKP8M,4
QJCFVL9,4
NXLZFW6,3
L17O2CK,2
IOOJXNB,2
0JOZ1X9,2
QG6U0UW,0
U6ADNZE,4
WPF8FAW,4
OA8KTAW,1
JZMWTNV,1
XVWW7QK,2
908O5WS,2
DBA4MXV,1
AYOU6ZE,1
LZB066P,1
F252FI6,1
Z5T6QTI,3
807W58E,0
0USMP4U,3
BH0WLN9,0
PPYYYZT,3
6JEVEMB,0
01NFH0A,1
9QBB9RF,0
KEB8GES,1
7PCEDXN,4
8TI2RZQ,3
KK06HZ6,3
BS4E1JP,2
FMWLVR1,2
W9P8MON,0
FHXQLVA,4
5JXNL06,3
4KWYCN9,2
CNBC6G6,2
KZ0JAP7,4
CDG0USA,3
3X629YG,3
3IQ9QQV,4
SWWP79E,4
XLHK2AQ,2
P51BE6D,1
JF71ZD7,0
92IWSH1,1
GJR8IZQ,0
676LWNZ,2
SDNIZZR,3
AYKNNYF,3
EHNR4MW,3
1XDMN3X,4
V0P4N1T,2
7VUO1UO,1
LDVDVU5,3
QATTRQS,0
8RPS609,1
XFO057O,2
V02ADFC,0
5YCDLMJ,2
7K3XFYJ,0
PHP9EOK,3
HPYHOHF,1
KLV9WTQ,1
TG8JTOI,4
Q9GBWRK,4
8R1Z06I,3
VVD0ME9,1
EQPSBSQ,1
Y6ZNM6I,4
U87WA8V,4
2CBNAZL,1
BN63AY5,0
DVJ2ONI,3
PAJNB4O,4
2TU811T,0
FT9BY5R,3
KK5RRRK,2
Z2HRUPV,3
N24I68E,4
2A0PLRE,2
EJLS19L,2
KDBIIU5,2
FXIT1PK,3
BKR9LPF,0
GMAQR7F,1
VLGEY8F,4
UXLHGEV,0
K4VESTG,1
AA6TKB9,2
5Z6TQ9X,0
J9KJGG3,3
NXKA760,3
Z18NQ05,3
R57GGCD,1
N9N15OU,3
7IV90QH,1
RZXBBST,1
QFWAVYY,2
BJN8BZA,3
QBZ5Y7L,4
0AAFL0Q,2
2HO6G7V,4
KJBI5Q9,1
16K82HQ,1
I4SIEXC,0
G5UAGI3,2
P2KU4CO,4
W6VIB5A,3
T8L6C4Y,3
TB78QIZ,3
KXC5XRL,2
TYXZCI2,0
W6HNHS0,0
RLQ2OP6,2
Q5BWMKQ,3
PMJFVNY,4
LF3MV3G,0
6K3G17H,1
41Q786M,2
PQLCW8Q,3
J8H7QFJ,2
UOO4JO8,0
DON5BD8,4
MG6BSFY,2
M5817P0,0
R3LVN9Z,3
ZTWL08F,0
M6CT6ND,2
MTSEEF4,2
G9DW4G8,0
OVD4LOV,3
E0YJK7O,0
B57PCRO,3
5RIC9TF,3
7ZYZREE,4
RYVQ37F,2
WL846HS,2
HPXG507,1
A2VLX6V,1
NROW1ON,0
VNSIXQ9,2
9206VX7,4
2B7P6CR,2
60M5DOC,0
CMUWBEE,4
QWJ9NRK,4
96ZZXXX,2
396IKBF,4
E6CF8ZA,0
JKTRU51,4
2PBQLEE,0
D3W1KZL,3
VDFQTEG,1
C9KUMHN,1
VHRNWTV,4
OIGQFIY,3
BC0OJF9,1
DNKMYDU,1
UOY58RD,4
9Q5LL9I,2
O7FXZKE,0
YFKYXHL,1
97691KA,3
O4BYVFW,0
W1XAYR0,0
V34CD8G,4
0EC042T,0
YV4UD71,2
CPB2Q2I,4
JEAUVDO,4
QXZE577,3
9LR2Y3K,3
MWG3QZ2,4
MX9QTKN,4
8PCOVDP,2
HAHZCQA,4
98HJXLM,4
2XYSR89,3
7JOQS5B,4
EV5BYX5,0
PMLCDXL,2
3FAIQ7J,4
SJ5YWO8,4
UV1SBLD,1
CHHT0HK,0
Q2KUWF0,2
2UHAUIL,0
IKOCIHC,0
L0XHS67,0
T0791DR,2
YD0FLTB,1
821RDOW,1
RYUMHZB,3
7974NMY,4
O82QLDG,2
XDK02LC,1
32OFTL4,2
DSWQ8W6,3
U5XPKEU,1
5S27AF3,4
J7HMQZT,4
TA4CJZL,1
4QGY1H1,2
N236YL4,2
ADG3O0P,0
UJ5SCPR,2
KL2N03S,1
VCX83EL,3
VURK1LY,1
S14914F,1
EYLEQIS,0
IN12Y74,2
WBTB7NX,0
OCVC1BM,4
BUDLPZI,4
28XCEOG,2
4JQLVV5,4
A4KH8QP,1
8IX97E3,1
A4758WW,1
TQY25VB,3
J90EFSH,0
56EDXUS,1
EQMXMRU,0
10F62SA,3
DIPVGVL,4
RKLIAYL,4
RMDW2G4,0
T0SZK85,1
B1WG0CJ,2
4M446T5,3
2FRYD1Q,1
KLJAGXX,0
6EIIBY9,2
ATX3N1W,4
Q37MOQJ,0
2D6YORS,4
23R1GBG,2
FZ3CRGR,2
IMM1U7L,2
125H4EO,4
EGWA7F7,2
77P46O9,2
U4PDY1J,4
WB492HZ,4
85QP7VK,0
ROY4D2B,2
24M9LLM,4
O4F277C,3
3MBJRYB,2
D52TSFA,3
LGKQ4OP,0
ZQ8AZOR,4
BFAN52U,3
ESESYT2,1
E3WV028,4
QEOWSGM,3
2DQJ6LV,4
XS07T14,1
40IZ6IN,3
OKCGR5S,0
G9VEDKE,3
MH5Q1CG,4
DPI1JE4,0
6ZCOJJ5,4
PW5KIAF,3
J1PV25X,3
VCY2DBU,1
ZHL9XSD,0
GXF8SYG,1
Z8TXSZG,3
MOWWQCM,1
66R30EJ,0
SYEHHTO,3
5POC9KA,1
N9KFYQC,4
BEQE0G5,1
UC5OZWF,0
8IXJ6S9,0
6TZOSLD,1
VY39LPN,1
Q6PRWA1,0
P563X6G,2
NDFADV6,3
TIJFHNC,0
ASAMVF2,3
8IZU7RJ,4
06MZI49,0
0RFARVL,4
RIA05SA,3
WKX22Y5,0
ZQ6BTS6,0
YVH1O5Y,4
N4N3A7J,2
SCGO4LX,1
FY272OT,1
BNFNPN0,4
73V2KPZ,2
DT13GFL,2
W56UB65,1
2106ZTS,3
Q5171P3,0
U9IDEIL,1
ITGGV3M,3
881ENJL,4
H3YG3C1,0
3SIOTTI,1
6ZVU3I1,3
9ROH3AY,3
GS4VKPX,1
DQCWB38,4
GNE135R,2
8V16PUN,4
MZ6W881,0
OSEIGGV,4
33F868K,2
V336G5D,2
67UQ1YL,0
SG48740,4
V6J9GLV,4
2N8N3Q9,3
PZ0TZBK,0
2XQOHPM,4
XU3R8X2,2
MMQ2GKU,4
IHWWQH6,2
X9YQFJ1,3
PK8OU6F,2
KYZ9HU3,1
NC32KPC,4
PDTYVWK,4
YARR7LW,1
BT0KDDB,4
J8ZV81V,2
GZAC61I,2
LBVT5LE,4
EAGEH29,4
DB59IDH,0
S3O7O7Q,0
BODXTQZ,4
D16MO3S,0
5UWKZZ3,3
KDDEOJI,2
ZZURETH,0
CLJCTL9,2
C6ZEAAD,2
93VS1XX,3
H4GM8CF,1
5J8B0ZR,0
0IOHWHR,0
2HBXTB4,1
O228YT4,1
EC4CQK5,4
MURYWAO,2
B2DDJDU,0
U8M3407,3
R7FZ8YC,4
NIR3BCH,2
OBH1IE4,2
S13HHUX,1
LRIJYJL,3
FHXNBHS,0
A9PMET7,4
P24ZIUI,1
HLDH2GS,4
4NKG26O,3
IYRB0F7,0
KYUPMQP,4
ENCTEIR,3
375KLI1,2
V31SU5P,0
77SXVO4,4
RAMUWG9,1
VK53YOQ,4
F55GNGE,4
MFIOP1M,4
VWFQUDF,4
CL4WJDD,2
FT90WVR,0
AW8BZWF,0
GGSRRNV,3
NJZHCFQ,3
0AYB1QS,4
W9UY2EW,2
IWLTQXK,2
GMP74A6,1
KMONH8L,0
8G4XZTI,0
OU6NK6A,1
2MIAH4A,0
RFOD36D,1
YRKQLZP,0
9KXWR7C,2
2QX7JZ4,0
40G42WB,0
0OCOHIA,0
5TLNGXW,3
AGS6IPD,4
U2EF9QN,4
E5HR3IC,3
XWKLS3X,2
ZDMVOLG,4
65U937N,1
H941NMQ,4
QJZWB87,2
58RN2VG,1
5INJCDT,4
19JNGVW,2
UGPLJF3,3
UN1AGIN,4
028HQC5,3
MWEJ3L8,0
ITCCH9D,0
1UFQDW6,3
ZW07FAD,0
ZVI8UFX,4
Y1D8A6S,2
KTE0TUB,3
TCCPP5J,1
CM7TAN2,1
VNWVTHQ,0
2QO0WGF,0
ZCGHM90,3
1KQFF1T,0
S6SSZ4V,3
C9XOCAH,1
93BITLK,1
0L6PQNJ,1
60US5N0,0
4ZWX9YD,4
141OCRS,3
5TKDZDF,1
H00ASUX,1
MIUKJBD,1
FNNQNWS,4
03WUPNP,2
N2AZTKQ,2
ZT2XCZ7,0
I9PVAD5,3
LQN84I9,4
9NO61O2,4
5DJREZY,2
U8OX6BO,0
58YNHDH,0
386FS13,0
J1JTASF,0
VDA4NR8,3
RE17VO3,1
QBHUM8R,4
YSOHIAY,1
QEZGFJB,3
2ZB8OUR,3
IHC25V0,0
RMWNOXL,3
BZT74ZY,1
FIG1NFQ,1
ZL5IIV3,1
26W1X1U,4
TU8Z3R5,3
IB0AZLO,0
N8PGW00,4
HI8DG61,1
3AI0QIK,1
ZQKHKTP,3
7PY5TOX,3
P02D9L9,2
4YWVEZM,3
40RVK2M,0
RUY4XMF,2
W67PIBV,4
8F9NHIX,1
UUEQ4HC,0
R08DDE3,1
SNIJPBQ,2
LKXOTKU,3
AU2RSR9,2
3TBNEYT,3
MLNX7O4,2
144GQTP,2
PEXUDG0,1
606BWH8,1
NE8DJNQ,3
S7C1X2X,4
QCA1D1W,4
YSRDRX5,4
19SR3I8,2
SRE5NFR,0
ARIBERZ,1
EH75E02,0
UIE073H,2
KMXFNQU,0
D4RNZTS,4
860KUX1,1
C47KBJF,4
48DMGMP,4
YBTNW43,1
H1YKDOL,2
RYGIGPP,0
LCQU1CV,0
LUEV50S,1
IAAR84H,2
C7HY9E7,3
C1G7E4T,4
OSIZZXZ,1
FJIYDO8,3
26JICZK,1
IEZROJ1,4
JY6JISY,4
TVEPU9V,2
NA56R5E,4
XIHJ0LH,0
OFW4S3Z,1
WZP4KZO,2
X9JQR7G,4
J7FFBKY,0
JZOTOGU,4
MQIK8PQ,1
FN92BT7,4
2V289BO,1
3V96TGD,1
DKOE5FC,3
AVN8OD2,2
5QJAVW5,3
QIIHEUH,0
EWHHKD2,0
J95QDSD,3
OU3B6QX,2
HYZIXVG,0
VCY10ME,4
WJN3AOC,4
DMRGCZG,0
3PAQX1W,1
0JKC3YX,0
PJIOGFD,0
DQZLPF5,0
SFZGSUO,2
JXKAVYK,3
B2031T0,3
P6JNQUJ,4
TCBGFVA,2
SGYLR1G,4
P57A6K0,0
1R3OEHT,4
OTYXP9F,4
X2MQFEA,2
QMSWFE6,3
ZCXW7F3,1
XWBCY05,4
A042DLU,2
CUJ76XY,0
PKDJ748,3
B7XMZ3N,1
MQS6VSH,1
FTVUAD3,1
VLLRW8S,2
NPTNN5U,0
OVDNS4N,2
6LXK4WM,2
VQS8QAK,4
43EE4E7,4
NIHBBDD,1
T3M7IC4,2
MFRJLLQ,0
G5XJXKX,2
L9DRKLP,3
OR89KG2,1
DAM5K1H,4
U0W4MPH,2
U0KY8B9,0
2HB7667,4
KE9KGEA,2
RS4NC3R,2
11B7N22,2
CRP702O,3
DJCQUZL,4
X5RA9YD,1
5UJUQFT,0
ISXTIP4,1
NEP878S,2
UIH8DGP,0
H4VZLA2,2
440L92Y,4
GNA41E3,4
IPDHBFB,2
ADCS03H,3
MARD2PY,2
A68TXPL,3
92YFCUD,0
UJ8EA8G,1
JZAVY5X,2
5O5N6SI,2
5O7YAG1,2
R8RTDJJ,4
YJCJ0F2,3
OL2XLRE,0
0HH6VRK,3
SG7FHYS,4
YN53C96,4
QI7XB4S,4
XZHJFA5,4
T0JN917,3
9G8Q7OY,3
9EHL835,2
17P5BT8,3
2UBMFZS,1
D0JF42G,0
O0AKBKF,0
P9D3IKB,0
W8ATAUO,1
O47CZAK,2
NDRRH75,1
HOFSKQ4,3
VCP7DD2,3
6ORE571,0
3SX6DIL,1
155NRH9,3
KG73GVF,2
Q3E4O4F,1
2LA9C4Z,2
CV3TAZ1,1
ORXRGI5,0
SWTE3WG,3
WZ4F1XK,4
L3XXG80,0
F6TURSZ,0
BBEFUP4,3
FNOIHI2,1
2RWBEXY,4
CGPWX8H,4
3VIOLPI,0
TRU2EL8,4
N22D7AH,1
XCQC656,1
7CWZCEJ,4
M8IBFQD,4
EU5YBLF,1
2JAJUJC,1
HQDST2K,4
ZMLNKAC,4
VBMHBPY,0
OMEHMSY,4
YZ8HDQN,0
XZHP90Z,2
U5ZEEQZ,0
VBACQVJ,0
PAQHPRW,3
RWF212S,2
KTZ0MXP,0
JWB71L7,0
Y2WD1HK,3
051V3LF,4
YFQJA2J,0
HT2DPUV,1
AGG0EUT,4
GK9GL5W,0
LEW0J7F,0
XF3XHGR,2
WTIIEQV,3
GJDSB92,2
RJO7559,3
2OC56VN,3
Y8GEU01,1
UET1Z19,0
69KPB1Q,0
S5N1DP1,4
OGD5IAI,3
YZ0934U,0
0WB522G,0
2UXPXY5,4
1GBOVES,3
W8K6KZO,2
FGDRS2F,3
E4KR2ZA,2
EX38XVM,2
HOBJAUF,1
TBJ2MTU,0
3JBSNX0,2
D0K0PJH,4
9EH3MMQ,2
XGEESME,4
GGD4GFX,4
AR74M2C,1
834I6X3,1
HXEQ2P4,2
F64E5LZ,1
1ON0B3P,4
BKXVQ73,2
MTBT832,0
GKYLSXZ,0
G2AETJJ,0
JTW12LC,0
E1MVD22,0
8PZMFV9,0
WXQ3I32,4
GS58H02,1
Z147J7H,4
YXYICRK,2
1YMQENK,4
ALWTU6H,0
84C7NSO,3
GKB3PBE,0
G81GIDK,4
W4TAB56,0
J53ESQR,3
L9HUWVS,2
1VUC0E7,4
24NJYBH,0
7WABN0H,2
JGXLD75,0
8PHDVHM,2
YN2N8UM,4
MYFL185,1
7Z6F917,3
0PZK8LC,1
PWRJLJL,1
XG7O23L,4
SDOCAW7,1
O4K7M51,1
0KOUSRY,4
DDVOE26,2
F1MYON2,2
U0ZR6L2,4
MOIKKH1,1
2T257O3,1
QC6EKS9,3
0C24Y6K,2
SXKLUIK,1
KJWHHJR,4
QI8XOML,2
200ZXLP,2
XONXQG6,2
F3Y9XW4,4
VO7ADOU,1
RFHKRIO,4
QDSLOKR,2
G7LTQTG,0
MKXH598,2
HRJ6DPG,1
5ZOZ3XU,4
XHODRPG,0
715RC5O,1
E6LS4ZL,0
T1O7NOZ,4
BEBUR5M,3
UC97HCY,3
JN3NN5Q,1
Q27YA93,1
0RZORBR,4
XFDYH58,3
20JYCZS,4
RD79AQY,3
TNEALBH,3
DVG46NS,2
MSDEYOD,3
AX63VFB,2
EOFKXJM,4
FVJGRBG,3
ITHHNOZ,2
54BSUU1,0
9LH3J5D,3
8P2064O,3
PA759VB,1
1Q9VJMN,0
Q62QALK,0
ACRYIAN,1
KUOM3BS,4
V260EAP,1
D2EROYN,1
6O1XDIF,2
2B7XRNJ,2
B1M83FI,4
KW5CPMG,1
YCNP8A0,2
WA1YJTO,2
OW3F3T4,1
DRBLH15,2
7S6UMCA,0
C6RBSJA,3
JPB7R0E,3
2QEJFWP,4
SF3EIYV,3
7ETALV8,4
M4HUEG7,4
ZGC74EY,1
S6X17E0,2
E0GPAG7,3
1EUBFTQ,4
T4UIO2J,2
PZ49MI0,2
2KHGQ2K,2
2T4H7S3,4
HIKQKS7,1
2XTGUYP,0
EQB8NI9,0
43Q5CF5,0
PKQD76F,2
MWBCM2D,1
N79064W,1
4RI1BA2,1
0O68D3S,0
F77C4QA,1
11D56CN,3
UH6YM70,4
3WT65NH,0
8H95LD0,4
MMG9KDV,2
MWHUP3N,4
XKBZYBF,2
86G30FT,1
6PS8TY6,1
V56UGRU,2
1I25XRN,0
U3PA880,2
P02BEQJ,3
12WJTV3,1
IKCW40F,0
SWLKN6M,4
PWC0HB5,0
HWI458X,3
27106B2,0
R8PM8DV,0
GYJFCVL,3
YCNDWSH,1
OCAZCLN,0
L9R4DFY,3
GZATWWZ,0
MHGQEA8,2
YZCVOMR,3
KVMC554,4
KFSNFI4,0
O6YLDM2,1
LUK882M,4
KOD2LT2,3
ADPJ3CJ,2
LYOLMFY,2
7GPSNP9,0
HJBP26N,1
JXNGRKK,3
85MS5LQ,4
9RKCUQW,2
AB2C5AH,4
WP0XWQJ,1
VN525XD,4
DLUEF8E,0
4FGH14I,2
8OOIAYZ,1
Y69UWDF,1
M5GU6WJ,1
6IYHPVN,2
8NLWJCA,2
RI0C75G,0
H8L81CJ,0
AGJJVQM,3
JTPAD2F,4
NJ3YF0R,1
41TF7I5,0
USTWSYS,0
A7SPV9S,1
EW1T55Y,2
OAHYSV6,1
OT86VLI,1
LEND2M8,4
ZAWG1RW,0
5GXL5GF,4
KQ3EI2R,2
KWFU9FC,2
NMFJ102,2
A91LSJH,4
XG88J12,3
0GAUHG8,2
SC4KHEE,3
KLE49JJ,0
RHB8UEH,0
SS6LFIZ,3
XNHU5FN,2
XGDSFCX,4
HVFVW21,1
9B3HPV5,3
NKZ3E4J,2
2ZDRVW6,4
HYMQOH8,3
XS6ECXZ,3
7XMSCJO,2
SSMMMV1,3
DTN8HKN,3
Q0Q6X74,0
D1JL5TH,2
B47B6QT,0
5PRDIHO,4
ZQ37O7V,3
EF5K7UJ,3
V64Q0HK,2
XOS4DRO,1
88OXJ20,2
SDHYWEG,2
LTLUAJQ,1
6YF8Y0X,4
JET7H9R,2
ZRIS3GY,4
7MD14KM,2
TBMDC7P,4
BRE4750,4
SUTINHJ,3
MDU6U0F,2
VJLBZ77,3
P86T38Q,1
SWR4NVK,0
1ZRT8MA,2
JL5877C,3
JV673LJ,1
6FXKK6V,2
GCFFLGL,0
JRTY0O1,4
0SE4HIJ,1
FK23K9C,0
6OUCSWL,1
50MNNWK,2
DPSICHE,4
I97JOXE,2
F0FBTPO,1
9T1Q1NY,4
P783BH7,2
I9JMZUD,4
RISTGGO,3
W4XP8QW,2
H8TTOCF,1
YBQ5VFA,1
BZ52P7I,3
QDTERIA,1
6NII4UJ,0
JK0M8LR,1
7XVNRCJ,2
LRWHWQO,2
8QKKZ22,4
CHL9NXT,2
WE7BGDK,4
NVF092O,4
CALXTT5,3
DD2X41K,2
NQBC7CR,4
C4AJ3YY,3
WNB6Z6V,1
YOZEXUW,1
ESMSJ5X,2
2KKJSIR,0
YWO4DJH,1
W0DXWJL,2
TV4YABH,2
S2DQ1P6,1
JDEZCBO,1
JW144W3,1
7YPNMBS,2
YBGAIUT,3
RSEFAJG,3
VXXBE6K,4
7BQXPAZ,3
7I759VD,1
RKSSF2V,3
V613CW5,4
UESCBY7,4
SD597LZ,4
ISP8EQB,3
0Z6V2UB,2
L3Q1X5C,4
VLNXV74,0
EC47SPI,3
H7K13TG,1
22CSTSA,3
HH8NN6L,2
W22TBO8,1
FDJN2KS,2
VW877LA,4
O4KGG1C,4
XO9M5Q2,4
VWFB01C,1
JWDWCR3,2
J4AC6DY,3
D14IV8C,1
3LADRW7,1
FAEKJZB,2
S15D2I0,2
X7AENUQ,2
U5BBNGG,0
56GFPRR,3
MZ73TQC,1
661A7L8,2
53LS2B4,3
RTIFSNW,2
6RD0SS4,2
Z5AR7DS,0
YEJM41N,0
4VUD7AF,3
9D97SSA,4
F19FK4P,2
2H5Y71E,2
FNRTE4Y,4
N06RG3J,2
1EC7D74,4
EWVZR54,0
A7A75ZS,4
J5AKM56,1
0W9L99E,0
BO7R5CQ,3
1CF5RPV,1
XPATG3P,3
Q1X2M7X,1
XEP1HZC,1
7D963UQ,1
NS8MCG0,0
8MVGCKH,3
4O5UNJQ,2
FA7POPU,0
HJKVH9Q,2
2VZZND5,2
UQ9PFG4,4
6JJH91D,2
L9NMQ7A,3
U6HZDIC,4
BS2DB55,0
XE7JXXH,2
WNURAAH,0
L2HQDM7,1
WU4A484,3
AD6QZI7,1
2EPON9C,0
WQSEZSM,3
VWRYXNV,4
6MSVFB8,2
EYYY30X,3
C4H8VN6,1
CVU0QS5,0
1WCXTHT,3
BYBQQ39,2
IK4U8AI,3
FVAE9NN,4
80W4822,0
15UCQSV,0
C011DRD,3
Z2H0MIA,1
WPPDXTS,4
5A6YSZ3,2
2ME6C2A,1
A8PVTPI,3
YOW0I3I,1
EV8PYP4,4
FGKE63V,3
HNNUDF7,3
9JXT377,2
BSB84FD,0
NERB9L2,1
U3NE6CQ,1
B636G5S,1
9JJ1NH5,4
XKTBTR8,0
9EX8T5H,1
JCNR8ST,1
EKAWN79,2
KRXYKPJ,1
HKA73RA,0
X5LJBXG,0
M24BJK4,3
FEFEMXO,1
FJOTW1E,2
TTP9Z8S,3
DNNVJL2,3
S08QGZ4,2
HGACUNZ,2
S5IWZ2D,1
TVYLY9R,4
QB30BN8,1
2TKWC5U,1
FMG8V1S,0
Z7VV98N,4
ZJXN64X,3
HDSBD8Y,4
A960OLR,0
OL71MP3,1
J4LHV69,3
J0TQPE3,4
UWJQ4JK,3
US4PFSS,4
2X4ACTV,3
Y2UBR1H,2
7ZU4HMW,4
73ZFIA0,3
T745PNC,0
DRSHI2S,1
DQJ68A3,0
HNIYFOY,3
5A1TKK0,2
9UVVXRU,0
D0FF4RY,1
J9Q4ENP,4
NXOZXAX,4
PQ2DO6Z,4
NNNR6FT,2
5XDHICT,1
AQH8BG7,0
2097P52,3
AH1Q6W2,2
OSNPD2X,0
K5SRL2U,0
FZ7ULHN,0
CCP5I0O,2
SU8BVES,1
GZAUKV7,1
UOVPRD2,2
3BC4SL7,3
LU18IY9,0
6O3N2X1,1
UGSVZAP,2
G5GGYJY,4
76O5W6Y,0
ZB3DG7X,0
H4GL1RI,1
E2ZJGBA,3
A63S3XF,2
NN59Y76,4
BNER47F,3
0BRG4MC,1
E2VPRCU,2
M8PA7EM,3
1NJGV2V,4
WRH2ZTU,0
O46A5HO,0
LSVS7HV,2
EPDCPHW,0
868GJET,4
8H0YS5O,0
FLSWVZ8,0
HN6G80J,2
1TO0O7U,0
BY6CLZM,2
HRJEHRV,1
7G8718X,0
5LCXY1K,4
WW9HF0L,1
GS2CR5F,1
AYVJUBH,4
IN5CVVB,3
BGDV80M,3
NZ8QQ0Q,0
EFCOE2Q,3
0PYJVFQ,0
PHAMTRW,0
SWD88US,3
G6X0G4E,3
PQAZ1RV,0
SICW4WK,2
WBXKDSN,3
24QNGGV,2
MVWNE82,0
6YY4L2A,0
3RCOGV6,1
U66OD3D,0
GP2AUIU,0
L1POAWK,2
G46SXTE,2
W2SKALE,1
4JLWR9R,4
5652FCH,2
QDWQ7G0,4
GCQ6CJB,0
NPJU9Z4,3
S1NBTXH,4
7VDTT7P,1
D61FL98,3
I2BQFCF,2
C0300WN,4
CO9S9RK,3
WBJSSUS,4
JSTQ61Q,4
HJ5TNWU,3
91BLDVI,3
811CNJT,1
ZGDPEIL,3
WCQVL56,4
7M6VMQ1,1
GUI5SCL,2
BNH5YKX,0
ZYMI4ZT,2
71E8HW7,2
NYFKDBX,0
HH7GJKY,0
PD6E0Y8,1
7A5BSPK,1
XAMLOQ6,2
SZE43M9,4
YAZIWKV,3
9AYSL2Q,3
D2CCH6Z,2
FRDU2OM,4
S6A7A7V,4
HOKXPTS,4
PFJPR9T,1
VZKAFBI,0
2VNN53E,2
VE59CZJ,2
6YEX12W,1
OFMHJCN,0
G4HNKNP,1
RU1FJ9I,2
NUCBC55,0
QVD4RFA,0
3I50UJ8,3
B4NNQRC,0
P3KPRII,0
BI7U1G6,1
NOMJBIP,2
67U67EU,3
51EQZB7,3
2HCIESD,1
L3MLSOA,1
E8SK6FG,1
VCUXPVT,0
T5QG3AQ,2
B2J9KDE,0
O0ZSKXW,3
2RM0LMX,3
AGGL4AW,2
C5XXT7S,1
3X3YWLQ,4
3XSE0QG,4
E9UO21Q,2
IH7U8P2,4
17FOZXY,3
ELMB1EU,0
UHWAU03,0
HRSNA4M,2
WIWBH0A,1
C8S4LP3,2
40GG5BD,4
7AVVFNI,1
OXF4KJ5,4
ZM8Z2H1,2
Q46V29Y,4
BH1I54V,4
MNKUV2Q,4
REW9G6N,2
RE4PWPE,1
JB6LNZN,0
WBPOKA6,2
IPT15H1,4
7UPUTSZ,2
IQ3128J,4
N7KETVI,0
UO97HUH,4
ONZ4X0E,4
URGJKPZ,4
NMSWGHB,4
5JJC10W,4
TWBEFZ0,4
LP45N6I,2
4KCA4KB,4
2XQ6FO6,2
2H6WKTI,4
QD9Q5C6,1
VYST0QM,1
XMPRWKG,0
97RAF1K,3
YHAHDUN,0
C7F2R29,3
IOJSOIR,2
DZVBBB1,2
9GFE2PV,0
NWINCNS,3
I0QR9Q5,0
ACKX6E4,2
74NQTB2,0
RPIBFJN,3
DI2L0GE,0
QDFUAW8,4
UX4ACIV,3
I2BZIY9,1
1YUD861,3
HKVEO76,1
3EETRH8,1
XSF8SNF,1
8CN2VGA,1
JC6NBW0,3
LG5JRUW,0
MUFUF0H,2
SITJ12O,1
NZY9YAU,0
865BGVM,2
ZXVGCRS,2
WHRHKEA,0
SILNDH2,4
SM47OJF,2
HY9X29N,2
C7E3UHL,4
GNYF2L2,4
LQ8GRIC,0
BT40E26,3
WIUD9JM,3
1J1QZ6Z,2
B9ONBLB,1
OK7Z2ZW,0
T5X8WKZ,1
MIJ1KZE,0
QZ6NQJK,4
LJZX3SP,3
7DIESOM,0
4TB2VI3,3
VKV7395,2
I3LQHL5,3
Q58WN2B,3
8ZKQ8QU,1
N84GAVD,0
XUXXKHI,4
YRHSYM9,1
SFCCY59,3
MZH8NPZ,0
0T3TIMQ,2
H89FNUK,0
D62VBBP,3
VVANFWZ,3
TS8HZ9K,3
NRMDKPG,4
QNMY0J5,4
8UK3UMD,1
BXFEDFF,2
W0ZR18P,3
C6KH957,1
MXTWS9H,1
HUERTFK,4
V79QMXT,1
V9MCE6Z,0
PMFE8XN,3
I4ZDCII,0
KSQTPAS,4
LHZNO4U,2
WTMTFZ2,4
UESHCFS,0
W2JE76J,4
MZXBTZK,3
X25PH3D,1
0TD9FOQ,3
CJZZO3W,0
41JRCIB,0
2FZOWHU,1
4HC3MPI,1
14ZTJ5L,3
05N3QLF,2
WEAG5AC,1
69WN8MA,1
AMVB75T,0
ATSFG7V,0
1NZP4TJ,2
U6T84X9,0
V65BLJY,4
QHQPWML,0
V4S06QM,2
E7ST522,2
ZVXM8RY,0
HB0RR8R,3
0FIG54U,4
4SF5TB0,1
1CVTV40,2
VBQ9FYS,1
ZTS1BWO,4
GKSY6IO,3
FX6NJ9D,3
HU0RGKU,1
BTWKRJ7,2
ONWLBFA,2
10L7248,3
HU9J2EO,3
VAJUZ4U,1
EZ3CA83,2
7UDGL5E,1
0VP3M6S,0
4OB60N9,4
AXVCT3B,4
VT8VXJX,4
EX1XL86,1
M5IZH8R,3
PLPKN6U,0
SVK0A7E,0
HPP9T7D,4
RLYI67C,3
Y0CS9RL,4
BYW7GR0,1
4GAM8IA,3
USVNYOB,4
QMJBUKI,4
AT3J1DW,0
GUTQH2A,0
IBBNPHV,0
29QL0HK,3
7S3ZCSA,4
TSIZEK2,3
RZHZOEL,4
39GS25L,4
ROREXG8,3
12Z60PR,2
6185TTY,0
BW1O1FN,1
KLTS56N,2
RAM5OLR,0
LQ78NB4,3
JT8H5BH,1
AN8TGG9,4
BZUBSAP,1
7O1MX2X,0
FUY8OTO,2
0CUCL1F,1
DPS1Y0T,4
YR74ETJ,4
0D3AY8M,2
276SP4H,0
UVHY4M8,3
FW4XXX0,3
9YFUBS9,4
3W1Z72K,3
1GJMLQS,3
G0K9NC0,4
XR3I9T6,3
7D0OGIK,0
WCJMVMN,1
C7FOEXW,1
LDNYYCK,3
9UOU63J,2
IL7FKA7,3
BVK23SW,3
2I6HKHJ,1
957WNFG,4
Y82LYV9,4
MSPHAQ5,1
HBLN32C,4
X5KDJNG,4
QPHY9MJ,0
AQEDH0D,4
KOTONVT,2
BIK82DF,2
UI70CAW,1
EB32QY3,4
3KC5C8P,0
NWN3N9L,0
Y3WTBAK,3
S2X1RHM,1
JCW7GWZ,3
J9A4GZ8,4
3M7DX2M,1
BU2O7TT,3
UVUMYRN,1
HE1EF4Y,3
W23TDM6,1
X0FBAL9,2
8NLV6M9,1
A30Z9C9,1
BBYTO96,4
MWZNW9E,3
B109C8S,0
CWQSF7D,4
A8MQHEG,0
KLLICB8,4
Z2UU16X,0
GJIBDM8,4
KQCH2II,0
PKIX6CR,4
ROQ7F7L,1
CWLR39L,2
E267FI0,3
VQN2HEN,4
LFOZTVV,4
QY35LG7,1
XGSZEFJ,2
AN52LPL,0
CWXM5O7,3
2ULRT9E,3
8LT9UTR,2
OGI99BG,1
X52VMD7,3
R3O8JO7,1
QUQGQ5G,2
R3F3TT5,1
GKHCMH9,0
4VN3HG9,2
72DAFCF,0
A2RCJH2,4
4D6ZWVI,2
3QMJ3JW,3
YP7NTWE,1
RLMCBY6,4
SVI5BDP,0
EGGN4G7,2
HBSC3ES,0
N5UPTD3,1
4YUPMXQ,2
CKCEMP4,2
ZA9ZP5G,0
JQ4LGDO,1
TEOF6VX,1
4ESKJVN,4
9HBZ5NW,2
GSMG9ZM,1
3GF0LYZ,2
XTKGFSH,4
ZLR6A3R,3
GZOFF08,0
BC9PMD5,3
FNW1OEI,4
ZYEAZFW,3
EBLU5TP,3
N1JIZCV,1
UY4O5OC,2
0M8H5M4,2
ZKGMRYS,3
T407WLN,3
A1AOG8G,4
HYHGD22,3
VHK0RRO,2
U27DY83,4
0P34ATL,0
CM75UUD,1
9K7ZSRJ,1
P2DY6DV,2
8AZ490K,1
7J811JC,1
N2USEIS,2
HPXBKJR,2
CW1YMCB,0
8C9Z8XI,1
CRJ1H3U,1
7WNWWDI,4
FXKBXPM,4
ZQR744Z,0
XR48GXA,3
OBP8P8K,0
V67T3OL,4
TO6C375,3
X3942QB,3
KICAMGN,2
6VNHLKO,0
8MTP8AV,3
FR80D72,3
HTCPAWG,2
RT2QPLV,0
UT17H6B,0
LYMHMT3,4
47G770R,3
XFVXVT3,3
BMXDU31,0
UHVMHV4,2
MNEI1FS,4
7R41J4W,2
LKU4AIW,0
G4BYFWY,3
YLFTSSX,3
V63ZG3Z,0
KP7F67Q,0
35VG6SJ,2
R651K2O,0
1PD7V07,4
Q8A5FAW,1
RPWG46B,4
6CDODL0,1
TLA8DL6,2
GG2TKHB,2
0J1LYFR,1
5BUYK6N,2
9ACX0DD,4
BR4W4VX,4
QIX8TNU,2
GYQJYOL,0
MYD81LK,2
TTQKG92,1
KYBV7MI,3
9O8CRSZ,0
6STHPCY,4
4CC9M6H,3
OQT0CEI,2
YB90CUI,1
839HU7A,3
T3EKQ4U,1
TNELD7K,1
BRUQK91,1
6B0T6SQ,2
M3ADRG6,1
I3NEYT4,1
H2TUS8I,3
KZM7A57,4
ODSMATU,3
ZNJBLGQ,2
YOIEKXD,0
CYMRJFA,1
75KCX9D,3
1IMCK70,4
FWUX41O,2
5V2M81L,4
PC1S43D,0
F2SDQ3R,0
9F5GQL4,3
4W8NUBH,3
YDG93JX,1
HT357J5,2
8DJMM9H,4
U122TCN,1
Q9EKTMU,2
6JOJBDN,1
1K8NSML,3
B4X0QX8,3
BR38780,0
0INM9FH,3
DKRFXVZ,1
JX6V1Z9,1
BUZPTUD,1
V8YQ1P4,3
G15AF0Z,1
8MHCGBG,3
Y473IRP,1
5M35PRN,4
DZNCBIA,0
8E5Y4M4,1
OVXKP2O,0
QFE84IH,2
7FZ4R9K,0
DIKJITL,4
ZAUBAO5,0
503KS6O,2
Q42PCDH,3
9NFUM95,4
2SE1QH5,0
0FIFTRP,3
SU3HFWL,0
BH50KJS,3
SNX7961,2
BKS7DEN,2
TZU6KVH,2
8ADXFSS,2
Q458HJX,3
IYCC6FF,0
A8D7VQT,3
J0LM2TJ,3
Y7LGDC0,2
62G893N,3
I833RX8,4
RETB902,4
JUQAEFD,4
WEJDLS9,2
RL7DX65,1
0K9CGO3,0
MVM1KOY,2
6WAVOKW,1
00J35X7,3
MRFU9DU,2
ID5GKID,0
ZBJNRRU,3
ECLEE4S,4
FKOQ6G0,2
H8JBZ0W,3
QHUHNK2,1
XBWKXJ2,3
MB1WX1Q,2
IXMRS1W,1
589K7QV,2
IYVV2PH,3
D6YGELO,0
9Y7504V,3
OXLJROL,3
O7MS8FK,3
K6PS9PI,0
5TBMOXW,4
6H0ZN9E,4
OTBQM2F,2
UDLVW1A,2
Q64LVDW,3
C97BYEV,3
24SEQ1I,0
G5609QO,3
NB08CML,1
W8Z6XV7,3
FFX8W83,1
JAOFQM9,2
Z4D9MU8,3
SX57GH1,2
A69YGTK,2
